                  epoch,         train/box_loss,         train/cls_loss,         train/dfl_loss,   metrics/precision(B),      metrics/recall(B),       metrics/mAP50(B),    metrics/mAP50-95(B),           val/box_loss,           val/cls_loss,           val/dfl_loss,                 lr/pg0,                 lr/pg1,                 lr/pg2
                      1,                 3.0932,                 3.5525,                 4.2355,                 0.0264,                0.38307,                0.08277,                0.02131,                  3.072,                 3.4129,                 4.1534,                0.00026,                0.00026,                0.00026
                      2,                 3.0162,                 3.1199,                 4.0669,                0.02994,                0.44432,                0.03654,                0.01342,                 3.0443,                 3.3985,                 4.1339,             0.00043308,             0.00043308,             0.00043308
                      3,                 2.8803,                 2.8596,                 3.9301,                0.02725,                0.41091,                0.03453,                0.01345,                 3.0015,                 3.3902,                 4.1019,             0.00049528,             0.00049528,             0.00049528
                      4,                 2.6494,                  2.516,                 3.7201,                0.02752,                0.42428,                0.04002,                0.01396,                 2.9623,                 3.3704,                 4.0703,              0.0004466,              0.0004466,              0.0004466
                      5,                 2.5882,                 2.2767,                 3.5707,                  0.028,                0.41982,                0.04165,                0.01517,                 2.9327,                 3.4235,                 4.0756,             0.00028704,             0.00028704,             0.00028704
