                  epoch,         train/box_loss,         train/cls_loss,         train/dfl_loss,   metrics/precision(B),      metrics/recall(B),       metrics/mAP50(B),    metrics/mAP50-95(B),           val/box_loss,           val/cls_loss,           val/dfl_loss,                 lr/pg0,                 lr/pg1,                 lr/pg2
                      1,                 3.0932,                 3.5525,                 4.2355,                 0.0264,                0.38307,                0.08277,                0.02131,                  3.072,                 3.4129,                 4.1534,                0.00026,                0.00026,                0.00026
                      2,                 3.0427,                 3.1799,                  4.088,                0.02738,                0.39978,                0.03336,                0.01143,                 3.0447,                 3.4182,                 4.1392,              0.0002727,              0.0002727,              0.0002727
